Jogador,Posição,Image Link
Matheus Cunha,Goleiro,https://images.flamengo.com.br/public/images/players/1/1736253789.png
Rossi,Goleiro,https://images.flamengo.com.br/public/images/players/1/1736253576.png
Léo Pereira,Zagueiro,https://images.flamengo.com.br/public/images/players/2/1736253989.png
Cleiton,Zagueiro,https://images.flamengo.com.br/public/images/players/2/1736253912.png
Léo Ortiz,Zagueiro,https://images.flamengo.com.br/public/images/players/2/1736253266.png
Varela,Lateral,https://images.flamengo.com.br/public/images/players/3/1736255588.png
Wesley,Lateral,https://images.flamengo.com.br/public/images/players/3/1736255454.png
Viña,Lateral,https://images.flamengo.com.br/public/images/players/4/1736253636.png
Ayrton Lucas,Lateral,https://images.flamengo.com.br/public/images/players/4/1736253490.png
Alex Sandro,Lateral,https://images.flamengo.com.br/public/images/players/4/1736252598.png
Evertton Araújo,Volante,https://images.flamengo.com.br/public/images/players/5/1736255637.png
Pulgar,Volante,https://images.flamengo.com.br/public/images/players/5/1736255698.png
Gerson,Volante,https://images.flamengo.com.br/public/images/players/5/1736253180.png
Allan,Volante,https://images.flamengo.com.br/public/images/players/5/1736255927.png
Matheus Gonçalves,Meia,https://images.flamengo.com.br/public/images/players/6/1736256707.png
Arrascaeta,Meia,https://images.flamengo.com.br/public/images/players/6/1736256478.png
Carlos Alcaraz,Meia,https://images.flamengo.com.br/public/images/players/6/1736256377.png
De La Cruz,Meia,https://images.flamengo.com.br/public/images/players/6/1736256428.png
Lorran,Meia,https://images.flamengo.com.br/public/images/players/6/1736252957.png
Bruno Henrique,Atacante,https://images.flamengo.com.br/public/images/players/7/1736256908.png
Michael,Atacante,https://images.flamengo.com.br/public/images/players/7/1736257134.png
Pedro,Atacante,https://images.flamengo.com.br/public/images/players/7/1736257210.png
Cebolinha,Atacante,https://images.flamengo.com.br/public/images/players/7/1736257328.png
Luiz Araujo,Atacante,https://images.flamengo.com.br/public/images/players/7/1736253333.png
Carlinhos,Atacante,https://images.flamengo.com.br/public/images/players/7/1736253008.png
G. Plata,Atacante,https://images.flamengo.com.br/public/images/players/7/1736252883.png
Gabigol,Atacante,https://images.flamengo.com.br/public/images/players/7/1710273212.png
David Luiz,Zagueiro,https://images.flamengo.com.br/public/images/players/2/1710271771.png
Fabrício Bruno,Zagueiro,https://images.flamengo.com.br/public/images/players/2/1736253860.png
Shola,Atacante,https://images.flamengo.com.br/public/images/galeria/4744/1173645163322.jpg
Thiaguinho,Atacante,https://images.flamengo.com.br/public/images/galeria/4744/0173645174151.jpg
Vitor Hugo,Meia,https://images.flamengo.com.br/public/images/players/6/1710272867.png
Igor Jesus,Volante,https://images.flamengo.com.br/public/images/players/5/1710272478.png
Werton,Atacante,https://conteudo.imguol.com.br/c/esporte/14/2024/07/10/werton-durante-jogo-do-flamengo-pelo-brasileirao-1720624599447_v2_1x1.jpg
Carbone,Zagueiro,https://s2-ge.glbimg.com/rBDqvnN_bMqxyY8BUWE9_dgV_Jw=/1200x/smart/filters:cover():strip_icc()/i.s3.glbimg.com/v1/AUTH_bc8228b6673f488aa253bbcb03c80ec5/internal_photos/bs/2022/L/U/gz9ldkS5a5MZDTUBqHuw/carbone2.jpg
João Victor,Zagueiro,https://images.flamengo.com.br/public/images/players/2/1756837530.png
Juninho,Atacante,https://images.flamengo.com.br/public/images/players/7/1756836347.png
Pablo Lúcio,Volante,https://agnfootball.com/wp-content/uploads/2023/04/Pablo.png
Emerson Royal,Lateral,https://images.flamengo.com.br/public/images/players/3/1756838819.png
Jorginho,Volante,https://images.flamengo.com.br/public/images/players/5/1756835932.png
Saúl,Meia,https://images.flamengo.com.br/public/images/players/6/1756836098.png
Carrascal,Meia,https://images.flamengo.com.br/public/images/players/6/1756837973.png
Wallace Yan,Atacante,https://images.flamengo.com.br/public/images/players/7/1756836821.png
S. Lino,Atacante,https://images.flamengo.com.br/public/images/players/7/1756837034.png
Danilo,Zagueiro,https://images.flamengo.com.br/public/images/players/2/1756835511.png

